Name,1,2,3,4,5,6,7,8,9,10,11,12,13,14,15,16,17,18,19,20,21,22,23,24,25,26,27,28,29,30,31,32,33,34,35,36,37
Amylin,K,C,N,T,A,T,C,A,T,Q,R,L,A,N,F,L,V,H,S,S,N,N,F,G,A ,I,L,S,S,T,N,V,G,S,N,T,Y
San385,K,C,N,T,A,T,C,A,T,Q,R,L,A,N,F,L,V,H,K,S,N,N,F,G,P,I,L,P,P,T,N,V,G,S,N,T,Y
KBP-336_Nordic,C,A,S,L,S,T,C,A,L,G,R,L,S,A,F,L,H,K,K,A,T,Y,P,K,T,D,V,G,A,N,A,P,G,S,N,T,Y
NovoNordisk_WO2023110833,K,C,N,T,A,T,C,A,T,Q,R,L,A,E,F,L,R,H,K,S,N,N,F,G,A,I,L,S,S,T,N,V,G,S,N,T,P
NovoNordisk_WO2012168430,K,C,N,T,A,T,C,A,T,Q,R,L,A,N,F,L,R,H,K,S,N,N,F,G,P,I,L,P,P,T,N,V,G,S,N,T,P
AstraZeneca_WO1993010146,K,C,N,T,A,T,C,A,T,Q,R,L,A,N,F,L,V,R,K,S,N,N,F,G,P,I,L,P,S,T,N,V,G,S,N,T,Y
AstraZeneca_WO2022129254,K,C,N,T,A,T,C,A,T,Q,R,L,A,E,F,L,V,H,K,S,N,N,F,G,P,I,L,P,P,T,N,V,G,S,N,T,Y
Gubra_WO2022063925_1,K,C,N,T,A,T,C,T,V,Q,R,L,A,H,Q,I,V,Q,K,T,D,K,D,K,D,N,V,A,P,P,T,N,V,G,S,N,G
Gubra_WO2022063925_2,K,C,N,T,A,T,C,T,V,Q,R,L,A,E,Q,I,A,Q,K,T,D,K,D,K,D,N,V,A,P,P,T,N,V,G,S,N,G
Gubra_WO2022063925_3,K,C,N,T,A,T,C,T,V,Q,R,L,A,H,Q,I,V,Q,F,T,D,K,D,K,D,N,V,A,P,P,T,N,V,G,S,N,S
Gubra_WO2022063925_4,G,C,R,F,G,T,C,T,V,Q,R,L,A,H,Q,I,T,Q,K,T,D,K,D,K,D,N,V,A,P,R,T,N,I,G,P,Q,G
Gubra_WO2024003359A1_1,G,C,R,F,G,T,C,T,V,Q,K,L,A,H,Q,I,Y,Q,K,T,D,K,D,K,D,N,V,A,P,R,S,K,I,S,P,Q,G
Gubra_WO2024003359A1_2,K,C,N,T,A,T,C,A,T,Q,R,L,A,N,F,L,V,H,K,S,N,N,F,G,G,A,I,L,S,S,T,N,V,G,S,N,T
Gubra_WO2024003359A1_3,K,C,L,T,A,T,C,T,V,Q,R,L,A,E,Q,I,A,Q,K,T,D,K,D,K,E,N,V,A,P,P,T,A,V,G,S,A,G
Lilly-305A_Compound2,K,C,N,T,A,T,C,A,T,G,R,L,A,E,F,L,V,R,K,S,N,N,F,G,P,K,L,P,P,T,E,V,G,S,N,T,Y
Lilly-305A_Compound6,K,C,N,T,A,T,C,A,T,G,R,L,A,E,F,L,V,R,K,S,N,N,F,G,P,I,L,P,P,T,E,V,G,S,N,T,Y
Lilly-305_Compound8,K,C,N,T,A,T,C,A,T,G,R,L,A,E,F,L,V,R,K,S,H,N,F,G,P,I,L,P,P,T,E,V,G,S,N,T,Y
AM1213_based,K,C,N,T,A,T,C,A,T,Q,R,L,A,D,F,L,R,H,K,S,P,N,F,G,P,I,P,P,P,T,N,V,G,S,R,T,Y
Zealand_WO2023232781A1,R,D,G,T,A,T,K,A,T,E,R,L,A,N,F,L,Q,R,K,S,N,N,F,G,A,I,L,P,P,T,E,V,G,S,N,T,P
